Landmark 1,Landmark 2,Landmark 3,Landmark 4,Landmark 5,Landmark 6,Landmark 7,Landmark 8,Landmark 9,Landmark 10,Landmark 11,Landmark 12,Landmark 13,Landmark 14,Landmark 15,Landmark 16,Landmark 17,Landmark 18,Landmark 19,Landmark 20,Landmark 21
"(988, 783, 1.227270018944182e-07)","(893, 778, -0.0347517766058445)","(810, 735, -0.060930415987968445)","(756, 690, -0.08488021790981293)","(725, 635, -0.1092146709561348)","(873, 616, -0.05122751370072365)","(858, 526, -0.08367335796356201)","(843, 485, -0.10730578005313873)","(826, 450, -0.12288691848516464)","(942, 603, -0.055433109402656555)","(936, 503, -0.08214907348155975)","(923, 452, -0.10179578512907028)","(910, 409, -0.11701366305351257)","(1011, 615, -0.06359271705150604)","(1016, 519, -0.09226331859827042)","(1007, 466, -0.10801948606967926)","(995, 421, -0.1182752475142479)","(1077, 643, -0.07416615635156631)","(1107, 559, -0.10010870546102524)","(1124, 509, -0.11123930662870407)","(1133, 462, -0.11822149157524109)"
"(1010, 751, 6.32790261079208e-07)","(899, 687, -0.019280262291431427)","(822, 621, -0.028109226375818253)","(779, 559, -0.03773646056652069)","(757, 503, -0.046496398746967316)","(902, 497, 0.005208330228924751)","(891, 404, -0.01163353119045496)","(886, 344, -0.03163082152605057)","(883, 289, -0.047493722289800644)","(966, 484, -0.002209379803389311)","(961, 383, -0.014827044680714607)","(958, 317, -0.033344678580760956)","(956, 255, -0.048058655112981796)","(1028, 492, -0.014960499480366707)","(1028, 392, -0.03324045613408089)","(1030, 327, -0.04786724969744682)","(1030, 269, -0.058206845074892044)","(1092, 521, -0.030015936121344566)","(1115, 445, -0.04831129312515259)","(1130, 393, -0.055022288113832474)","(1141, 343, -0.058779846876859665)"
"(1004, 677, 5.436224910226883e-07)","(902, 627, -0.018933823332190514)","(824, 558, -0.0267338864505291)","(786, 493, -0.035217590630054474)","(764, 440, -0.043166156858205795)","(908, 441, -0.00025696586817502975)","(896, 347, -0.016036098822951317)","(892, 290, -0.03290553018450737)","(893, 239, -0.04623723775148392)","(969, 430, -0.007452745456248522)","(961, 325, -0.019646402448415756)","(960, 261, -0.035387057811021805)","(961, 203, -0.04787052795290947)","(1027, 438, -0.01951957494020462)","(1029, 336, -0.03691175580024719)","(1030, 275, -0.04938191920518875)","(1030, 218, -0.0583050474524498)","(1088, 466, -0.03393910452723503)","(1113, 392, -0.05096757039427757)","(1127, 344, -0.05736914277076721)","(1136, 296, -0.0612771213054657)"
"(997, 646, 4.672959335039195e-07)","(899, 600, -0.022080421447753906)","(825, 530, -0.03143683075904846)","(788, 462, -0.04027355834841728)","(769, 408, -0.047984734177589417)","(902, 416, -0.0057913861237466335)","(891, 324, -0.021675053983926773)","(890, 269, -0.037508849054574966)","(892, 219, -0.05017310380935669)","(963, 405, -0.010293645784258842)","(956, 303, -0.02249629981815815)","(956, 240, -0.037385281175374985)","(958, 185, -0.04953233525156975)","(1021, 414, -0.019539549946784973)","(1022, 315, -0.036844659596681595)","(1021, 253, -0.05072330683469772)","(1019, 197, -0.06095777451992035)","(1080, 440, -0.031148366630077362)","(1104, 369, -0.049424801021814346)","(1118, 322, -0.05835292115807533)","(1128, 278, -0.0642290934920311)"
"(990, 632, 4.4401699028639996e-07)","(894, 587, -0.022581500932574272)","(822, 520, -0.03167642280459404)","(785, 453, -0.04018830135464668)","(770, 397, -0.04745154827833176)","(901, 405, -0.004404667764902115)","(890, 314, -0.019770311191678047)","(887, 259, -0.03561462461948395)","(889, 209, -0.04848175495862961)","(961, 394, -0.008628049865365028)","(955, 294, -0.020248979330062866)","(955, 232, -0.03470864146947861)","(956, 176, -0.04652681574225426)","(1018, 404, -0.017811842262744904)","(1018, 305, -0.0346401147544384)","(1018, 244, -0.047562360763549805)","(1017, 190, -0.05718265846371651)","(1076, 431, -0.02947540581226349)","(1100, 360, -0.04681519791483879)","(1114, 314, -0.054761938750743866)","(1123, 270, -0.06004667282104492)"
"(991, 633, 4.1706292108756315e-07)","(896, 590, -0.023936370387673378)","(823, 521, -0.033510833978652954)","(786, 453, -0.04218324273824692)","(769, 396, -0.04937465488910675)","(901, 405, -0.0058479695580899715)","(889, 314, -0.021157383918762207)","(885, 260, -0.036448728293180466)","(885, 210, -0.04902375862002373)","(961, 395, -0.010071209631860256)","(956, 295, -0.02233819290995598)","(955, 233, -0.03676653280854225)","(956, 177, -0.048550911247730255)","(1018, 404, -0.01944844238460064)","(1018, 308, -0.03724341094493866)","(1018, 247, -0.05076385661959648)","(1016, 192, -0.0607876218855381)","(1075, 431, -0.03138810396194458)","(1100, 360, -0.04943237453699112)","(1114, 314, -0.05804745852947235)","(1124, 270, -0.06402004510164261)"
"(987, 636, 4.2222563934046775e-07)","(894, 592, -0.0251559279859066)","(824, 524, -0.036090489476919174)","(788, 456, -0.045944470912218094)","(771, 398, -0.05427119880914688)","(902, 408, -0.008243327960371971)","(891, 318, -0.025172218680381775)","(888, 263, -0.04146768897771835)","(888, 213, -0.05461973696947098)","(963, 398, -0.01238838117569685)","(958, 299, -0.026073437184095383)","(958, 236, -0.04122013971209526)","(958, 180, -0.053432632237672806)","(1020, 408, -0.021721068769693375)","(1022, 313, -0.04074068367481232)","(1023, 251, -0.05421210452914238)","(1021, 196, -0.0640873908996582)","(1078, 436, -0.03366363048553467)","(1104, 367, -0.052513834089040756)","(1119, 321, -0.060993075370788574)","(1129, 278, -0.06675288081169128)"
"(979, 636, 4.3057639231847133e-07)","(888, 590, -0.025465985760092735)","(818, 522, -0.037354644387960434)","(782, 456, -0.04795774072408676)","(766, 399, -0.057326540350914)","(900, 407, -0.011618589051067829)","(888, 316, -0.02901674434542656)","(884, 261, -0.045559171587228775)","(885, 211, -0.05880529806017876)","(961, 398, -0.01588413305580616)","(957, 298, -0.02966512367129326)","(958, 235, -0.04529760777950287)","(959, 178, -0.05795576795935631)","(1019, 409, -0.025003915652632713)","(1021, 313, -0.04393867775797844)","(1023, 250, -0.05816996470093727)","(1024, 193, -0.06871059536933899)","(1075, 437, -0.036631643772125244)","(1101, 368, -0.05569005385041237)","(1118, 322, -0.0643487274646759)","(1130, 277, -0.07020105421543121)"
"(957, 631, 4.0318923311133403e-07)","(861, 586, -0.01833849772810936)","(790, 516, -0.025113921612501144)","(759, 448, -0.03180669993162155)","(737, 397, -0.037811145186424255)","(876, 403, -0.0011657783761620522)","(862, 312, -0.014039238914847374)","(859, 258, -0.028084198012948036)","(861, 211, -0.039725854992866516)","(937, 393, -0.007393845822662115)","(933, 291, -0.01621801033616066)","(933, 229, -0.029839694499969482)","(934, 175, -0.04159336909651756)","(994, 402, -0.0181115735322237)","(999, 304, -0.03197479620575905)","(1001, 243, -0.04508613795042038)","(1002, 190, -0.05559990182518959)","(1050, 428, -0.031068190932273865)","(1079, 360, -0.046151626855134964)","(1097, 315, -0.05411304906010628)","(1111, 272, -0.059999264776706696)"
"(904, 635, 4.4398817067303753e-07)","(799, 594, -0.018455158919095993)","(729, 523, -0.023717626929283142)","(700, 455, -0.028697608038783073)","(676, 408, -0.033022139221429825)","(817, 400, 0.0006304701091721654)","(805, 309, -0.00791140366345644)","(801, 253, -0.019581273198127747)","(798, 206, -0.029815563932061195)","(878, 389, -0.004970338195562363)","(876, 286, -0.009467601776123047)","(874, 224, -0.020678777247667313)","(873, 174, -0.030886689200997353)","(934, 399, -0.015049951151013374)","(941, 299, -0.024306248873472214)","(942, 238, -0.036796048283576965)","(941, 187, -0.04765522852540016)","(991, 427, -0.027611957862973213)","(1020, 355, -0.03938230127096176)","(1035, 310, -0.046990714967250824)","(1046, 269, -0.0530158132314682)"
"(823, 641, 4.7462310703849653e-07)","(732, 604, -0.024735547602176666)","(657, 544, -0.038472507148981094)","(615, 488, -0.05099010467529297)","(594, 442, -0.06312641501426697)","(727, 406, -0.020354067906737328)","(716, 316, -0.03922083601355553)","(706, 262, -0.056462496519088745)","(698, 217, -0.06930821388959885)","(785, 395, -0.025169776752591133)","(783, 290, -0.03972175344824791)","(776, 226, -0.05464901775121689)","(767, 175, -0.06630552560091019)","(843, 404, -0.03422226384282112)","(848, 301, -0.05139238014817238)","(847, 238, -0.06568282842636108)","(842, 187, -0.07619313895702362)","(901, 431, -0.0459037721157074)","(930, 355, -0.06252004951238632)","(943, 306, -0.07153160870075226)","(949, 264, -0.07758472859859467)"
"(737, 642, 3.42610348980088e-07)","(639, 609, -0.015835711732506752)","(569, 546, -0.025129644200205803)","(529, 493, -0.03587814047932625)","(496, 455, -0.04707859829068184)","(632, 410, -0.002977493219077587)","(605, 324, -0.02210090495646)","(582, 278, -0.04128297045826912)","(559, 244, -0.054672401398420334)","(681, 397, -0.013211600482463837)","(662, 293, -0.029300810769200325)","(641, 232, -0.04799770191311836)","(620, 182, -0.06169292330741882)","(733, 403, -0.02789408527314663)","(725, 301, -0.047285329550504684)","(712, 236, -0.06548754870891571)","(697, 181, -0.07839027047157288)","(789, 428, -0.04446137323975563)","(811, 352, -0.062459547072649)","(823, 300, -0.07281969487667084)","(830, 254, -0.07999806851148605)"
"(639, 648, 3.1875563877292734e-07)","(538, 625, -0.013794324360787868)","(464, 561, -0.01906576007604599)","(417, 508, -0.02587083913385868)","(376, 467, -0.03316296264529228)","(524, 400, 0.008000613190233707)","(491, 325, -0.0035677594132721424)","(467, 280, -0.019704004749655724)","(447, 241, -0.03275119885802269)","(577, 380, -0.0009525397908873856)","(557, 283, -0.007733526639640331)","(534, 226, -0.02106587588787079)","(511, 184, -0.03268278390169144)","(631, 381, -0.014709724113345146)","(633, 282, -0.024654369801282883)","(625, 224, -0.03695562481880188)","(608, 182, -0.047261204570531845)","(685, 403, -0.03097931109368801)","(708, 326, -0.04180515930056572)","(710, 277, -0.048831161111593246)","(701, 239, -0.05445714294910431)"
"(574, 647, 2.68301079131561e-07)","(464, 622, -0.01324374321848154)","(380, 562, -0.017412692308425903)","(329, 507, -0.02319275587797165)","(284, 468, -0.029644088819622993)","(437, 424, 0.008484111167490482)","(399, 344, -0.0013357368297874928)","(371, 298, -0.014677440747618675)","(346, 257, -0.0260782428085804)","(487, 403, -0.0002692253910936415)","(457, 302, -0.00673007033765316)","(431, 245, -0.019166909158229828)","(406, 198, -0.030584489926695824)","(538, 403, -0.013766770251095295)","(516, 304, -0.02412850223481655)","(491, 245, -0.03689536452293396)","(465, 198, -0.047904688864946365)","(593, 419, -0.029569312930107117)","(598, 340, -0.04043322429060936)","(596, 288, -0.04796561971306801)","(590, 243, -0.054735489189624786)"
"(509, 632, 3.178266752001946e-07)","(406, 608, -0.016027655452489853)","(326, 555, -0.022145358845591545)","(272, 505, -0.029228147119283676)","(230, 466, -0.03671590983867645)","(387, 421, 0.0019461256451904774)","(345, 347, -0.011285043321549892)","(315, 302, -0.025958288460969925)","(288, 261, -0.03812703117728233)","(433, 401, -0.005418149288743734)","(403, 304, -0.01723727025091648)","(373, 248, -0.03206276893615723)","(344, 199, -0.04398055374622345)","(479, 400, -0.017213014885783195)","(454, 305, -0.033676568418741226)","(426, 248, -0.04789622500538826)","(398, 197, -0.05828885734081268)","(529, 415, -0.03104308992624283)","(534, 336, -0.04730718955397606)","(531, 284, -0.05632979795336723)","(526, 234, -0.06291332840919495)"
"(464, 621, 2.976186408432113e-07)","(367, 600, -0.01817433163523674)","(290, 546, -0.025842074304819107)","(239, 495, -0.03389504924416542)","(197, 453, -0.041921865195035934)","(351, 410, -0.0006594570586457849)","(315, 337, -0.015455705113708973)","(285, 293, -0.031331293284893036)","(256, 254, -0.044564153999090195)","(395, 392, -0.00769187742844224)","(366, 298, -0.02168620005249977)","(337, 242, -0.03739607334136963)","(310, 194, -0.04984182491898537)","(440, 393, -0.01948467269539833)","(416, 298, -0.03826456144452095)","(388, 242, -0.053587641566991806)","(361, 192, -0.06455985456705093)","(487, 409, -0.033428046852350235)","(492, 332, -0.052110593765974045)","(492, 279, -0.0630565658211708)","(489, 229, -0.07091400027275085)"
"(452, 616, 2.4482764615640917e-07)","(355, 597, -0.01917325146496296)","(279, 542, -0.02721107378602028)","(228, 488, -0.035442035645246506)","(186, 448, -0.04338418319821358)","(339, 407, -0.0033420315012335777)","(302, 333, -0.017851220443844795)","(273, 289, -0.03374562785029411)","(247, 247, -0.047316018491983414)","(380, 388, -0.010062729008495808)","(347, 295, -0.023146890103816986)","(317, 239, -0.03836303949356079)","(289, 191, -0.05107489973306656)","(423, 388, -0.02135642059147358)","(399, 294, -0.03874547779560089)","(372, 238, -0.05396483466029167)","(345, 189, -0.06560836732387543)","(469, 404, -0.03505053371191025)","(476, 329, -0.05309009924530983)","(475, 277, -0.06456302851438522)","(471, 228, -0.0732283890247345)"
"(441, 613, 2.3271931581803074e-07)","(347, 593, -0.016594484448432922)","(274, 536, -0.02360789105296135)","(226, 483, -0.031393036246299744)","(184, 443, -0.03938562050461769)","(334, 403, -0.0018174579599872231)","(299, 327, -0.01574534922838211)","(270, 283, -0.03107740916311741)","(244, 240, -0.04425298795104027)","(376, 385, -0.010007825680077076)","(343, 290, -0.022786999121308327)","(311, 234, -0.03845568373799324)","(282, 186, -0.05149415135383606)","(418, 386, -0.022327706217765808)","(393, 289, -0.039094049483537674)","(364, 233, -0.054070670157670975)","(335, 185, -0.06580233573913574)","(463, 401, -0.03679686784744263)","(468, 326, -0.054313573986291885)","(467, 273, -0.06509062647819519)","(464, 224, -0.0733800157904625)"
"(435, 610, 1.977232244598781e-07)","(342, 589, -0.015000428073108196)","(270, 530, -0.020502932369709015)","(224, 475, -0.027204690501093864)","(185, 436, -0.034350067377090454)","(335, 401, 0.0002514482184778899)","(300, 325, -0.01294749416410923)","(271, 280, -0.027763603255152702)","(245, 237, -0.040641289204359055)","(375, 384, -0.008404110558331013)","(342, 288, -0.02068604715168476)","(310, 232, -0.03605394437909126)","(281, 184, -0.04888809844851494)","(417, 384, -0.02106229029595852)","(392, 287, -0.03718739375472069)","(364, 231, -0.05159112066030502)","(336, 182, -0.06291969865560532)","(460, 400, -0.03583160787820816)","(466, 324, -0.052528031170368195)","(466, 271, -0.06273750960826874)","(463, 222, -0.07073165476322174)"
"(438, 605, 1.8386231204203796e-07)","(344, 584, -0.014431341551244259)","(272, 526, -0.01965908892452717)","(226, 472, -0.026157356798648834)","(187, 432, -0.03287069499492645)","(337, 397, 0.0015882892766967416)","(302, 322, -0.010836360976099968)","(274, 277, -0.025191064924001694)","(248, 235, -0.03771151602268219)","(376, 379, -0.006897452287375927)","(344, 285, -0.018475566059350967)","(313, 229, -0.03317093849182129)","(283, 182, -0.045448191463947296)","(417, 380, -0.01940804347395897)","(393, 284, -0.03481784462928772)","(365, 229, -0.04876215010881424)","(338, 182, -0.05971648916602135)","(461, 396, -0.034013956785202026)","(469, 322, -0.050106752663850784)","(469, 270, -0.060113996267318726)","(465, 221, -0.06790108978748322)"
"(448, 607, 1.858401219578809e-07)","(353, 585, -0.015591043047606945)","(282, 527, -0.021615969017148018)","(236, 473, -0.028786689043045044)","(198, 432, -0.0362095944583416)","(347, 398, 0.0002840255037881434)","(313, 323, -0.013278291560709476)","(284, 277, -0.028425902128219604)","(259, 234, -0.041449613869190216)","(386, 381, -0.008285737596452236)","(356, 287, -0.02130768448114395)","(325, 231, -0.03676889091730118)","(296, 183, -0.049245886504650116)","(427, 381, -0.02095717377960682)","(404, 287, -0.03718606010079384)","(375, 232, -0.05076415464282036)","(347, 184, -0.06132253631949425)","(472, 397, -0.03588131442666054)","(478, 323, -0.05197266861796379)","(478, 272, -0.06095993518829346)","(476, 223, -0.06790944188833237)"
"(466, 611, 1.6700981575468177e-07)","(370, 591, -0.013754484243690968)","(299, 531, -0.018422391265630722)","(253, 477, -0.024829378351569176)","(215, 436, -0.031600527465343475)","(365, 404, 0.003312658751383424)","(331, 328, -0.009620605036616325)","(303, 281, -0.024241475388407707)","(277, 239, -0.036833763122558594)","(405, 387, -0.006064995191991329)","(376, 292, -0.01856640912592411)","(346, 235, -0.03339005634188652)","(317, 186, -0.04523852840065956)","(446, 387, -0.019657475873827934)","(422, 294, -0.035679373890161514)","(393, 238, -0.049158308655023575)","(365, 189, -0.059482816606760025)","(491, 402, -0.03541504219174385)","(498, 327, -0.05150323733687401)","(498, 275, -0.06054425239562988)","(495, 228, -0.06751233339309692)"
"(500, 619, 1.799096338572781e-07)","(402, 598, -0.014980279840528965)","(329, 538, -0.020846474915742874)","(282, 484, -0.02821279875934124)","(244, 442, -0.03557807207107544)","(396, 409, 0.0014832885935902596)","(360, 330, -0.012540655210614204)","(331, 282, -0.02760467305779457)","(306, 241, -0.0398806557059288)","(436, 393, -0.007296514697372913)","(405, 297, -0.02030891738831997)","(374, 239, -0.035076022148132324)","(345, 192, -0.0463312491774559)","(479, 394, -0.020298205316066742)","(456, 298, -0.03603529557585716)","(429, 242, -0.048728540539741516)","(402, 195, -0.0580025315284729)","(525, 409, -0.035529445856809616)","(534, 331, -0.05024164170026779)","(534, 278, -0.05807903781533241)","(530, 230, -0.06386185437440872)"
"(553, 629, 1.5806578801402793e-07)","(453, 606, -0.012464181520044804)","(376, 543, -0.01583952270448208)","(331, 486, -0.020945291966199875)","(293, 443, -0.02572581358253956)","(440, 412, 0.00671918410807848)","(404, 334, -0.005365936551243067)","(378, 285, -0.019688060507178307)","(356, 242, -0.031881775707006454)","(484, 394, -0.0033527270425111055)","(451, 297, -0.013705168850719929)","(423, 239, -0.027856189757585526)","(399, 193, -0.039008766412734985)","(531, 395, -0.017573991790413857)","(505, 299, -0.03159371018409729)","(480, 242, -0.043965116143226624)","(456, 195, -0.05349678918719292)","(584, 413, -0.0338766872882843)","(590, 337, -0.04762846603989601)","(589, 284, -0.05475538596510887)","(587, 237, -0.060285087674856186)"
"(624, 657, 1.6568627358992671e-07)","(522, 631, -0.00931489933282137)","(442, 559, -0.009816992096602917)","(398, 497, -0.013079039752483368)","(359, 450, -0.016620032489299774)","(498, 425, 0.012016127817332745)","(467, 342, 0.00017838833446148783)","(446, 290, -0.014537240378558636)","(426, 243, -0.0274453517049551)","(548, 408, 0.00012501284072641283)","(522, 310, -0.011773030273616314)","(497, 248, -0.028106441721320152)","(473, 199, -0.04077262058854103)","(600, 410, -0.016050975769758224)","(577, 310, -0.03302351385354996)","(549, 253, -0.048481497913599014)","(521, 205, -0.05989260599017143)","(657, 427, -0.03386826813220978)","(665, 348, -0.05223672464489937)","(666, 296, -0.0629551038146019)","(665, 249, -0.0707300528883934)"
"(717, 673, 2.0659693689140113e-07)","(604, 653, -0.01802253909409046)","(516, 580, -0.02067735232412815)","(476, 510, -0.023789644241333008)","(439, 466, -0.026517711579799652)","(583, 440, 0.002926676068454981)","(555, 353, -0.011355125345289707)","(533, 300, -0.028294062241911888)","(509, 256, -0.04223275184631348)","(635, 421, -0.004585379268974066)","(612, 315, -0.017291344702243805)","(584, 252, -0.03371754661202431)","(555, 204, -0.04572988301515579)","(690, 423, -0.016822848469018936)","(667, 318, -0.033949073404073715)","(640, 257, -0.049203917384147644)","(612, 206, -0.05997835844755173)","(749, 443, -0.0314604677259922)","(763, 364, -0.0485973134636879)","(769, 311, -0.0577201209962368)","(772, 264, -0.06394953280687332)"
"(799, 692, 3.130676873297489e-07)","(698, 659, -0.03130600228905678)","(613, 590, -0.04779690504074097)","(558, 526, -0.0625830888748169)","(531, 467, -0.0760645791888237)","(672, 437, -0.015926973894238472)","(647, 342, -0.041563376784324646)","(622, 287, -0.06672146171331406)","(596, 241, -0.08608099818229675)","(727, 423, -0.02105567790567875)","(704, 318, -0.042736150324344635)","(675, 256, -0.0643366351723671)","(644, 207, -0.07988892495632172)","(787, 433, -0.031750090420246124)","(762, 326, -0.05615502595901489)","(739, 263, -0.07178100198507309)","(716, 210, -0.08241644501686096)","(851, 464, -0.045779190957546234)","(867, 385, -0.06931429356336594)","(875, 332, -0.07874470204114914)","(882, 285, -0.08414475619792938)"
"(879, 705, 2.6962612764691585e-07)","(772, 666, -0.023372475057840347)","(688, 591, -0.03167962655425072)","(641, 519, -0.039869099855422974)","(614, 459, -0.046830810606479645)","(766, 452, 0.001111204968765378)","(746, 357, -0.0152588514611125)","(735, 299, -0.033623259514570236)","(726, 246, -0.048791058361530304)","(823, 439, -0.004731337074190378)","(806, 330, -0.018148019909858704)","(791, 264, -0.03459875285625458)","(778, 208, -0.04755430668592453)","(879, 446, -0.016095133498311043)","(866, 339, -0.034208063036203384)","(851, 276, -0.04679803177714348)","(839, 223, -0.05606163293123245)","(942, 472, -0.030496133491396904)","(960, 392, -0.04831754043698311)","(968, 341, -0.055252447724342346)","(974, 295, -0.05975929647684097)"
"(921, 711, 3.1633206276637793e-07)","(817, 672, -0.021956488490104675)","(740, 598, -0.029298745095729828)","(706, 520, -0.036768149584531784)","(676, 460, -0.0431833378970623)","(811, 462, -0.0008890508324839175)","(793, 363, -0.016211820766329765)","(788, 304, -0.03297697380185127)","(784, 249, -0.04691417142748833)","(871, 449, -0.007641869597136974)","(856, 339, -0.01938089169561863)","(848, 274, -0.03501980006694794)","(841, 219, -0.04765097796916962)","(930, 455, -0.019581524655222893)","(921, 349, -0.036269411444664)","(914, 283, -0.049846138805150986)","(905, 226, -0.06037405878305435)","(995, 480, -0.03444249555468559)","(1019, 404, -0.05183374509215355)","(1032, 354, -0.060038212686777115)","(1039, 308, -0.06582418084144592)"
"(935, 713, 4.1307890796815627e-07)","(834, 678, -0.02620338462293148)","(758, 609, -0.03784114494919777)","(718, 538, -0.04866544529795647)","(698, 475, -0.05774775892496109)","(829, 469, -0.0071385581977665424)","(815, 371, -0.02521800436079502)","(811, 312, -0.04341292381286621)","(811, 257, -0.05814189463853836)","(890, 456, -0.012356460094451904)","(877, 347, -0.0269338246434927)","(871, 282, -0.043700214475393295)","(864, 223, -0.05723991617560387)","(949, 463, -0.023083006963133812)","(944, 359, -0.042726971209049225)","(938, 292, -0.056531764566898346)","(929, 233, -0.06705976277589798)","(1015, 489, -0.03684312477707863)","(1040, 413, -0.056449998170137405)","(1055, 363, -0.06521116942167282)","(1063, 316, -0.07128259539604187)"
"(932, 713, 4.344701096670178e-07)","(835, 677, -0.027821961790323257)","(759, 609, -0.04017791152000427)","(723, 539, -0.05126037448644638)","(703, 476, -0.06090205907821655)","(831, 471, -0.010232980363070965)","(819, 375, -0.028956398367881775)","(814, 317, -0.04741205275058746)","(812, 263, -0.06236133351922035)","(893, 458, -0.01486737746745348)","(882, 352, -0.030580252408981323)","(877, 287, -0.04786445572972298)","(872, 228, -0.061625849455595016)","(953, 467, -0.025006236508488655)","(948, 365, -0.04637414589524269)","(943, 300, -0.06135554611682892)","(937, 240, -0.07231752574443817)","(1016, 494, -0.038094740360975266)","(1041, 418, -0.059143874794244766)","(1056, 369, -0.0685383751988411)","(1067, 321, -0.07490254938602448)"
"(936, 691, 4.378381959213584e-07)","(831, 649, -0.019001521170139313)","(756, 575, -0.02490963228046894)","(723, 504, -0.031153030693531036)","(700, 449, -0.03638879954814911)","(831, 450, 0.0013602272374555469)","(816, 355, -0.012613478116691113)","(813, 298, -0.028276998549699783)","(812, 245, -0.04125119745731354)","(890, 437, -0.004952876828610897)","(880, 332, -0.01594012975692749)","(875, 268, -0.03149566799402237)","(871, 212, -0.044088851660490036)","(949, 445, -0.016103051602840424)","(944, 342, -0.03241083025932312)","(938, 279, -0.04715593159198761)","(933, 222, -0.05825575813651085)","(1012, 471, -0.029619425535202026)","(1037, 395, -0.04729779064655304)","(1051, 347, -0.056588053703308105)","(1062, 301, -0.06287491321563721)"
"(935, 628, 4.985272994417755e-07)","(833, 580, -0.017248990014195442)","(758, 509, -0.0229595098644495)","(726, 441, -0.02977822907269001)","(709, 388, -0.035829395055770874)","(831, 396, 0.0042891432531178)","(815, 306, -0.010257178917527199)","(811, 250, -0.02635076269507408)","(811, 199, -0.039200033992528915)","(890, 383, -0.0030405414290726185)","(878, 284, -0.014340613037347794)","(873, 221, -0.030228901654481888)","(871, 165, -0.04257659614086151)","(948, 389, -0.015250732190907001)","(942, 292, -0.03182993084192276)","(937, 230, -0.04611862450838089)","(932, 174, -0.056396305561065674)","(1011, 413, -0.029673194512724876)","(1035, 343, -0.04611765220761299)","(1047, 298, -0.05388028547167778)","(1054, 255, -0.058881375938653946)"
"(938, 552, 5.22072753028624e-07)","(834, 501, -0.01840987615287304)","(760, 437, -0.024362146854400635)","(729, 366, -0.0313267819583416)","(711, 305, -0.03728438913822174)","(829, 328, 0.008963298983871937)","(815, 244, -0.00521111860871315)","(811, 191, -0.021905627101659775)","(812, 142, -0.035040680319070816)","(887, 317, 0.0028033307753503323)","(877, 224, -0.008269136771559715)","(873, 164, -0.024558454751968384)","(871, 110, -0.03704862296581268)","(944, 323, -0.008810864761471748)","(938, 233, -0.025341173633933067)","(933, 173, -0.038497455418109894)","(928, 120, -0.047613661736249924)","(1005, 347, -0.02279427833855152)","(1026, 280, -0.03849801793694496)","(1037, 237, -0.04479556158185005)","(1044, 197, -0.04848719388246536)"
"(934, 479, 5.1046816906819e-07)","(830, 433, -0.017773233354091644)","(753, 373, -0.02215741015970707)","(719, 303, -0.027645545080304146)","(711, 241, -0.031806427985429764)","(824, 268, 0.014961686916649342)","(810, 188, 0.0033239112235605717)","(807, 136, -0.012075310572981834)","(806, 91, -0.024537865072488785)","(882, 256, 0.010006582364439964)","(871, 167, 0.0012216820614412427)","(867, 109, -0.01385324914008379)","(864, 59, -0.025618411600589752)","(936, 261, -0.0007162444526329637)","(931, 174, -0.015770848840475082)","(926, 118, -0.02825460582971573)","(920, 68, -0.03692842274904251)","(996, 283, -0.013775925152003765)","(1018, 221, -0.02886652946472168)","(1029, 181, -0.03534891456365585)","(1034, 145, -0.03920796886086464)"
"(927, 423, 5.190276510802505e-07)","(825, 383, -0.020963937044143677)","(750, 327, -0.027013368904590607)","(713, 257, -0.033169716596603394)","(708, 195, -0.03730686753988266)","(818, 226, 0.013537594117224216)","(803, 146, 0.003120226552709937)","(800, 97, -0.011319776996970177)","(800, 53, -0.023261230438947678)","(875, 212, 0.011808907613158226)","(862, 125, 0.004763089586049318)","(859, 70, -0.009312966838479042)","(855, 22, -0.020821714773774147)","(929, 216, 0.004268142860382795)","(922, 131, -0.008695842698216438)","(917, 78, -0.020281389355659485)","(911, 32, -0.02873985283076763)","(987, 235, -0.005880563985556364)","(1010, 176, -0.01854054629802704)","(1020, 139, -0.024583321064710617)","(1027, 104, -0.02855469472706318)"
"(919, 396, 4.6465180503219017e-07)","(818, 357, -0.02124587818980217)","(742, 301, -0.026941515505313873)","(705, 232, -0.03261328488588333)","(705, 171, -0.03652247413992882)","(812, 211, 0.00945605244487524)","(798, 132, -0.0028603998944163322)","(793, 82, -0.017653813585639)","(793, 38, -0.02918936125934124)","(867, 197, 0.0086160684004426)","(856, 112, 0.0008649248629808426)","(851, 57, -0.011863513849675655)","(847, 9, -0.022030500695109367)","(919, 197, 0.0021278546191751957)","(914, 116, -0.010779199190437794)","(908, 63, -0.020853029564023018)","(903, 18, -0.027746092528104782)","(976, 212, -0.007108110003173351)","(998, 153, -0.018995067104697227)","(1009, 116, -0.023752892389893532)","(1015, 83, -0.026565004140138626)"
"(914, 390, 4.3477496092236834e-07)","(816, 352, -0.021930210292339325)","(744, 296, -0.027710670605301857)","(709, 228, -0.033224523067474365)","(706, 169, -0.03669159486889839)","(812, 203, 0.008125939406454563)","(796, 125, -0.003744171466678381)","(790, 75, -0.01769358292222023)","(789, 32, -0.02858777530491352)","(867, 189, 0.007634639739990234)","(854, 104, -0.00011257002915954217)","(846, 49, -0.012483539059758186)","(840, 0, -0.0222916342318058)","(919, 189, 0.001524329767562449)","(914, 109, -0.0114113325253129)","(907, 57, -0.021638482809066772)","(901, 14, -0.028610823675990105)","(976, 204, -0.007357452530413866)","(998, 148, -0.0195851381868124)","(1008, 110, -0.02510138973593712)","(1013, 77, -0.02844000793993473)"
"(915, 400, 3.7234107708172814e-07)","(815, 361, -0.019649656489491463)","(745, 305, -0.02373850718140602)","(711, 235, -0.028456002473831177)","(708, 176, -0.03152890130877495)","(813, 212, 0.015115401707589626)","(798, 134, 0.003109619254246354)","(793, 83, -0.011648396030068398)","(791, 39, -0.02340453676879406)","(869, 198, 0.012916207313537598)","(856, 113, 0.004164894577115774)","(850, 58, -0.009831326082348824)","(844, 12, -0.020557014271616936)","(923, 199, 0.004753565415740013)","(916, 116, -0.009894287213683128)","(908, 61, -0.021924981847405434)","(901, 15, -0.029946336522698402)","(981, 214, -0.005970764439553022)","(1004, 157, -0.01962284930050373)","(1013, 119, -0.026335565373301506)","(1018, 84, -0.03059997782111168)"
"(924, 435, 3.7113639450581104e-07)","(821, 397, -0.02282761037349701)","(750, 336, -0.030584251508116722)","(716, 264, -0.038159627467393875)","(710, 201, -0.044061627238988876)","(821, 241, 0.0038063861429691315)","(805, 157, -0.013445827178657055)","(800, 103, -0.03120565600693226)","(798, 56, -0.044768840074539185)","(877, 226, 0.0004650492628570646)","(864, 135, -0.013317985460162163)","(859, 76, -0.029820721596479416)","(853, 26, -0.04188961163163185)","(931, 229, -0.008513761684298515)","(922, 140, -0.028041433542966843)","(916, 82, -0.04192574322223663)","(910, 32, -0.050714172422885895)","(989, 249, -0.01999926194548607)","(1011, 187, -0.03875358775258064)","(1021, 146, -0.04708120971918106)","(1027, 110, -0.05174977332353592)"
"(927, 499, 3.407411952593975e-07)","(829, 466, -0.024408837780356407)","(757, 398, -0.03375646471977234)","(730, 321, -0.04190030321478844)","(722, 258, -0.04883291572332382)","(828, 297, -0.009936122223734856)","(814, 207, -0.028880776837468147)","(809, 151, -0.046447575092315674)","(806, 100, -0.060149166733026505)","(886, 285, -0.013576564379036427)","(876, 186, -0.029312167316675186)","(870, 124, -0.0464714840054512)","(864, 70, -0.05934031307697296)","(942, 291, -0.021742820739746094)","(936, 196, -0.04323818162083626)","(929, 135, -0.0581655278801918)","(922, 82, -0.06795201450586319)","(1002, 314, -0.032136160880327225)","(1024, 246, -0.05419602245092392)","(1034, 202, -0.06430767476558685)","(1040, 162, -0.07018435001373291)"
"(925, 583, 3.176636482749018e-07)","(834, 556, -0.02700580097734928)","(771, 484, -0.03813891112804413)","(746, 407, -0.04741537570953369)","(739, 347, -0.05559394136071205)","(840, 373, -0.018189704045653343)","(828, 275, -0.038905974477529526)","(824, 216, -0.05666603147983551)","(822, 164, -0.07032842189073563)","(900, 361, -0.02148699387907982)","(891, 254, -0.03829153627157211)","(887, 189, -0.05540047958493233)","(882, 132, -0.06819436699151993)","(959, 370, -0.029038256034255028)","(955, 265, -0.05126939341425896)","(950, 201, -0.06651409715414047)","(944, 145, -0.0766003206372261)","(1020, 397, -0.0389016792178154)","(1047, 322, -0.06171946972608566)","(1060, 275, -0.07196508347988129)","(1068, 231, -0.07787967473268509)"
"(934, 675, 2.89280649212742e-07)","(846, 654, -0.031809210777282715)","(779, 580, -0.04672316834330559)","(752, 505, -0.05874717980623245)","(747, 443, -0.0697130486369133)","(855, 455, -0.029249927029013634)","(845, 354, -0.05141930282115936)","(841, 298, -0.0692448616027832)","(838, 248, -0.08323127776384354)","(916, 446, -0.032274577766656876)","(910, 333, -0.0514625646173954)","(904, 268, -0.06926596909761429)","(899, 212, -0.0828947201371193)","(976, 459, -0.0396396741271019)","(976, 350, -0.06470558047294617)","(970, 284, -0.0820753425359726)","(965, 228, -0.09385428577661514)","(1037, 490, -0.04948581010103226)","(1068, 411, -0.074651338160038)","(1087, 361, -0.08698593080043793)","(1102, 317, -0.09482619911432266)"
"(946, 752, 2.717842448873853e-07)","(866, 720, -0.028038086369633675)","(802, 651, -0.04534329101443291)","(770, 583, -0.06016858294606209)","(759, 521, -0.07421950995922089)","(872, 529, -0.034653402864933014)","(864, 428, -0.05779891461133957)","(858, 372, -0.07540497183799744)","(853, 322, -0.08891624212265015)","(935, 524, -0.0397416427731514)","(930, 409, -0.059830304235219955)","(924, 345, -0.07711789011955261)","(918, 289, -0.09037472307682037)","(996, 541, -0.048054780811071396)","(998, 426, -0.07415856420993805)","(993, 361, -0.0911785438656807)","(987, 304, -0.10252945125102997)","(1057, 575, -0.057987093925476074)","(1097, 495, -0.08475836366415024)","(1123, 444, -0.09705179184675217)","(1142, 399, -0.10428750514984131)"
"(967, 788, 3.417565892505081e-07)","(878, 748, -0.029643001034855843)","(816, 681, -0.04903542622923851)","(789, 613, -0.06567861884832382)","(784, 550, -0.08148252964019775)","(890, 564, -0.03592885658144951)","(883, 470, -0.06075626611709595)","(878, 414, -0.07996026426553726)","(876, 362, -0.09474729746580124)","(956, 561, -0.04157835990190506)","(952, 453, -0.06381125748157501)","(949, 390, -0.08338309079408646)","(945, 330, -0.09828448295593262)","(1019, 580, -0.05070801079273224)","(1024, 476, -0.07895728945732117)","(1022, 408, -0.09797438234090805)","(1017, 347, -0.11089244484901428)","(1080, 617, -0.061492323875427246)","(1120, 543, -0.08933217078447342)","(1148, 491, -0.10272911190986633)","(1170, 441, -0.11115788668394089)"
"(982, 798, 3.804363188919524e-07)","(896, 762, -0.030643073841929436)","(832, 692, -0.04947054386138916)","(804, 622, -0.06549970805644989)","(803, 557, -0.08085430413484573)","(902, 577, -0.034659091383218765)","(895, 484, -0.059993039816617966)","(890, 431, -0.07937737554311752)","(888, 380, -0.0943538025021553)","(969, 572, -0.03987438976764679)","(967, 470, -0.06269869953393936)","(962, 408, -0.08276098966598511)","(956, 349, -0.09811663627624512)","(1033, 590, -0.04888171702623367)","(1040, 489, -0.07828937470912933)","(1038, 423, -0.09784787148237228)","(1033, 360, -0.1110881119966507)","(1093, 627, -0.05954131484031677)","(1133, 553, -0.08842622488737106)","(1162, 505, -0.10196226835250854)","(1186, 456, -0.1104716882109642)"
"(977, 805, 3.900802880707488e-07)","(897, 766, -0.029700884595513344)","(841, 696, -0.047571588307619095)","(813, 628, -0.06274675577878952)","(813, 563, -0.0770680382847786)","(907, 580, -0.030035750940442085)","(902, 490, -0.05235617607831955)","(897, 438, -0.0699562057852745)","(893, 391, -0.08385740220546722)","(973, 576, -0.034398153424263)","(973, 477, -0.05427825078368187)","(969, 419, -0.07265003770589828)","(961, 364, -0.08689228445291519)","(1036, 594, -0.04260462522506714)","(1044, 497, -0.06883028149604797)","(1043, 435, -0.0869167298078537)","(1037, 374, -0.09950242191553116)","(1096, 632, -0.05250958353281021)","(1138, 560, -0.07841277122497559)","(1167, 512, -0.0908621996641159)","(1190, 464, -0.09885244071483612)"
"(957, 800, 2.7090774779026106e-07)","(880, 768, -0.02807946875691414)","(827, 704, -0.04689253121614456)","(802, 643, -0.06340368092060089)","(807, 587, -0.07993954420089722)","(901, 598, -0.036188218742609024)","(899, 512, -0.06241041421890259)","(893, 465, -0.08290953189134598)","(884, 422, -0.0980701744556427)","(967, 598, -0.04146679863333702)","(970, 506, -0.06391547620296478)","(964, 455, -0.08282247930765152)","(953, 405, -0.09770046919584274)","(1029, 619, -0.050022199749946594)","(1040, 527, -0.0774645283818245)","(1036, 471, -0.09328258782625198)","(1027, 418, -0.10395093262195587)","(1086, 657, -0.06017632782459259)","(1128, 580, -0.0860256552696228)","(1156, 533, -0.09652901440858841)","(1175, 486, -0.10312921553850174)"
"(985, 821, -6.91495838367473e-09)","(907, 803, -0.026517290621995926)","(841, 750, -0.054957713931798935)","(795, 707, -0.0838250145316124)","(776, 650, -0.11280613392591476)","(895, 655, -0.06056635081768036)","(888, 555, -0.10632425546646118)","(859, 527, -0.13486768305301666)","(834, 526, -0.1502227932214737)","(953, 656, -0.07134673744440079)","(949, 545, -0.12272927165031433)","(906, 533, -0.14790406823158264)","(874, 555, -0.15888530015945435)","(1010, 675, -0.08529022336006165)","(1013, 565, -0.12993502616882324)","(974, 552, -0.14573697745800018)","(941, 567, -0.15050016343593597)","(1063, 710, -0.100396528840065)","(1107, 635, -0.13791479170322418)","(1122, 582, -0.1564745008945465)","(1130, 544, -0.16617731750011444)"
